<?xml version="1.0" encoding="utf-8" standalone="yes" ?>
<rss version="2.0" xmlns:atom="http://www.w3.org/2005/Atom">
  <channel>
    <title>Min blog</title>
    <link>/sv/</link>
    <description>Recent content on Min blog</description>
    <generator>Hugo -- gohugo.io</generator>
    <language>sv</language>
    <managingEditor>yourname@example.com (yourname)</managingEditor>
    <webMaster>yourname@example.com (yourname)</webMaster>
    <copyright>(c) 2016 Alla rättigheter</copyright>
    <lastBuildDate>Mon, 05 Dec 2016 14:41:00 +0100</lastBuildDate>
    
	<atom:link href="/sv/index.xml" rel="self" type="application/rss+xml" />
    
    
    <item>
      <title></title>
      <link>/sv/_showcase/</link>
      <pubDate>Mon, 05 Dec 2016 14:41:00 +0100</pubDate>
      <author>yourname@example.com (yourname)</author>
      <guid>/sv/_showcase/</guid>
      <description>Exempel Exempel text på svenska för Showcase.</description>
    </item>
    
    <item>
      <title>Introduktion</title>
      <link>/sv/2016/12/05/introduction/</link>
      <pubDate>Mon, 05 Dec 2016 12:29:19 +0100</pubDate>
      <author>yourname@example.com (yourname)</author>
      <guid>/sv/2016/12/05/introduction/</guid>
      <description>En rubrik Text om ämnet ett.</description>
    </item>
    
  </channel>
</rss>