<?xml version="1.0" encoding="utf-8" standalone="yes" ?>
<rss version="2.0" xmlns:atom="http://www.w3.org/2005/Atom">
  <channel>
    <title>Topic 1 on Partially Random</title>
    <link>/topics/topic-1/</link>
    <description>Recent content in Topic 1 on Partially Random</description>
    <generator>Hugo -- gohugo.io</generator>
    <language>en</language>
    <managingEditor>yourname@example.com (yourname)</managingEditor>
    <webMaster>yourname@example.com (yourname)</webMaster>
    <copyright>(c) 2018 Copyright Partially Random</copyright>
    <lastBuildDate>Fri, 13 Jul 2018 00:00:00 +0000</lastBuildDate>
    
	<atom:link href="/topics/topic-1/index.xml" rel="self" type="application/rss+xml" />
    
    
    <item>
      <title>test post</title>
      <link>/2018/07/13/2018-07-13-test-post/</link>
      <pubDate>Fri, 13 Jul 2018 00:00:00 +0000</pubDate>
      <author>yourname@example.com (yourname)</author>
      <guid>/2018/07/13/2018-07-13-test-post/</guid>
      <description>Headline Text
plot(mtcars)  </description>
    </item>
    
  </channel>
</rss>