<?xml version="1.0" encoding="utf-8" standalone="yes" ?>
<rss version="2.0" xmlns:atom="http://www.w3.org/2005/Atom">
  <channel>
    <title>Educación on Partially Random</title>
    <link>/tags/educaci%C3%B3n/</link>
    <description>Recent content in Educación on Partially Random</description>
    <generator>Hugo -- gohugo.io</generator>
    <language>en</language>
    <managingEditor>yourname@example.com (yourname)</managingEditor>
    <webMaster>yourname@example.com (yourname)</webMaster>
    <copyright>(c) 2018 Copyright Partially Random</copyright>
    <lastBuildDate>Wed, 23 Aug 2017 00:00:00 +0000</lastBuildDate>
    
	<atom:link href="/tags/educaci%C3%B3n/index.xml" rel="self" type="application/rss+xml" />
    
    
    <item>
      <title>¡Necesitamos seleccionar los docentes &#34;como para ayer&#34;!</title>
      <link>/2017/08/23/2017-08-23-necesitamos-mejorar-la-educaci%C3%B3n-secundaria-para-ayer/</link>
      <pubDate>Wed, 23 Aug 2017 00:00:00 +0000</pubDate>
      <author>yourname@example.com (yourname)</author>
      <guid>/2017/08/23/2017-08-23-necesitamos-mejorar-la-educaci%C3%B3n-secundaria-para-ayer/</guid>
      <description>Hoy pude ojear el Sexto Informe del Estado de la Educación donde se abordó un tema que desde hace ratos me viene dando vueltas en la cabeza: la calidad de las y los profesores de secundaria. No voy a mentir, de entrada voy buscando qué está mal, porque mi percepción es que así es desde que leí el artículo Profesores con fallas en Mate salieron de U privadas publicado hace casi 3 años.</description>
    </item>
    
  </channel>
</rss>