<?xml version="1.0" encoding="utf-8" standalone="yes" ?>
<rss version="2.0" xmlns:atom="http://www.w3.org/2005/Atom">
  <channel>
    <title>Tags on Partially Random</title>
    <link>/tags/</link>
    <description>Recent content in Tags on Partially Random</description>
    <generator>Hugo -- gohugo.io</generator>
    <language>en</language>
    <managingEditor>yourname@example.com (yourname)</managingEditor>
    <webMaster>yourname@example.com (yourname)</webMaster>
    <copyright>(c) 2018 Copyright Partially Random</copyright>
    <lastBuildDate>Fri, 23 Feb 2018 00:00:00 +0000</lastBuildDate>
    
	<atom:link href="/tags/index.xml" rel="self" type="application/rss+xml" />
    
    
    <item>
      <title>Bayesian</title>
      <link>/tags/bayesian/</link>
      <pubDate>Fri, 23 Feb 2018 00:00:00 +0000</pubDate>
      <author>yourname@example.com (yourname)</author>
      <guid>/tags/bayesian/</guid>
      <description></description>
    </item>
    
    <item>
      <title>Decision Making</title>
      <link>/tags/decision-making/</link>
      <pubDate>Sun, 25 Mar 2018 00:00:00 +0000</pubDate>
      <author>yourname@example.com (yourname)</author>
      <guid>/tags/decision-making/</guid>
      <description></description>
    </item>
    
    <item>
      <title>Educación</title>
      <link>/tags/educaci%C3%B3n/</link>
      <pubDate>Wed, 23 Aug 2017 00:00:00 +0000</pubDate>
      <author>yourname@example.com (yourname)</author>
      <guid>/tags/educaci%C3%B3n/</guid>
      <description></description>
    </item>
    
    <item>
      <title>Music</title>
      <link>/tags/music/</link>
      <pubDate>Mon, 17 Jul 2017 00:00:00 +0000</pubDate>
      <author>yourname@example.com (yourname)</author>
      <guid>/tags/music/</guid>
      <description></description>
    </item>
    
    <item>
      <title>Plot</title>
      <link>/tags/plot/</link>
      <pubDate>Thu, 23 Jul 2015 21:13:14 -0500</pubDate>
      <author>yourname@example.com (yourname)</author>
      <guid>/tags/plot/</guid>
      <description></description>
    </item>
    
    <item>
      <title>Probability</title>
      <link>/tags/probability/</link>
      <pubDate>Fri, 09 Jun 2017 00:00:00 +0000</pubDate>
      <author>yourname@example.com (yourname)</author>
      <guid>/tags/probability/</guid>
      <description></description>
    </item>
    
    <item>
      <title>R</title>
      <link>/tags/r/</link>
      <pubDate>Thu, 07 Jun 2018 00:00:00 +0000</pubDate>
      <author>yourname@example.com (yourname)</author>
      <guid>/tags/r/</guid>
      <description></description>
    </item>
    
    <item>
      <title>R Markdown</title>
      <link>/tags/r-markdown/</link>
      <pubDate>Thu, 23 Jul 2015 21:13:14 -0500</pubDate>
      <author>yourname@example.com (yourname)</author>
      <guid>/tags/r-markdown/</guid>
      <description></description>
    </item>
    
    <item>
      <title>Regression</title>
      <link>/tags/regression/</link>
      <pubDate>Thu, 23 Jul 2015 21:13:14 -0500</pubDate>
      <author>yourname@example.com (yourname)</author>
      <guid>/tags/regression/</guid>
      <description></description>
    </item>
    
    <item>
      <title>Statistics</title>
      <link>/tags/statistics/</link>
      <pubDate>Fri, 09 Jun 2017 00:00:00 +0000</pubDate>
      <author>yourname@example.com (yourname)</author>
      <guid>/tags/statistics/</guid>
      <description></description>
    </item>
    
    <item>
      <title>Web Scraping</title>
      <link>/tags/web-scraping/</link>
      <pubDate>Mon, 28 May 2018 00:00:00 +0000</pubDate>
      <author>yourname@example.com (yourname)</author>
      <guid>/tags/web-scraping/</guid>
      <description></description>
    </item>
    
  </channel>
</rss>