<?xml version="1.0" encoding="utf-8" standalone="yes" ?>
<rss version="2.0" xmlns:atom="http://www.w3.org/2005/Atom">
  <channel>
    <title>Topics on Partially Random</title>
    <link>/topics/</link>
    <description>Recent content in Topics on Partially Random</description>
    <generator>Hugo -- gohugo.io</generator>
    <language>en</language>
    <managingEditor>opoyserc@gmail.com (Obryan Poyser)</managingEditor>
    <webMaster>opoyserc@gmail.com (Obryan Poyser)</webMaster>
    <copyright>(c) 2018 Copyright Partially Random</copyright>
    
	<atom:link href="/topics/index.xml" rel="self" type="application/rss+xml" />
    
    
  </channel>
</rss>