<?xml version="1.0" encoding="utf-8" standalone="yes" ?>
<rss version="2.0" xmlns:atom="http://www.w3.org/2005/Atom">
  <channel>
    <title>Music on Partially Random</title>
    <link>/tags/music/</link>
    <description>Recent content in Music on Partially Random</description>
    <generator>Hugo -- gohugo.io</generator>
    <language>en</language>
    <managingEditor>yourname@example.com (yourname)</managingEditor>
    <webMaster>yourname@example.com (yourname)</webMaster>
    <copyright>(c) 2018 Copyright Partially Random</copyright>
    <lastBuildDate>Mon, 17 Jul 2017 00:00:00 +0000</lastBuildDate>
    
	<atom:link href="/tags/music/index.xml" rel="self" type="application/rss+xml" />
    
    
    <item>
      <title>Esas canciones que quiebran y reparan</title>
      <link>/2017/07/17/2017-07-17-esas-canciones-que-quiebran-y-reparan/</link>
      <pubDate>Mon, 17 Jul 2017 00:00:00 +0000</pubDate>
      <author>yourname@example.com (yourname)</author>
      <guid>/2017/07/17/2017-07-17-esas-canciones-que-quiebran-y-reparan/</guid>
      <description>Hoy por cosas de youtube (a todos nos ha pasado que terminamos viendo videos de Corgies, CIERTO? VERDAD?) terminé con esta interpretación por parte de Playing For Change de la canción Sittin’ on the dock of the bay de Otis Redding (palabras mayores).
 Lo cierto es que en lo que a Soul respecta, se gana el MVP, es de esas canciones que te llegan sin filtro al pecho y es imposible no conmoverse.</description>
    </item>
    
  </channel>
</rss>