<?xml version="1.0" encoding="utf-8" standalone="yes" ?>
<rss version="2.0" xmlns:atom="http://www.w3.org/2005/Atom">
  <channel>
    <title>Bayesian on Partially Random</title>
    <link>/tags/bayesian/</link>
    <description>Recent content in Bayesian on Partially Random</description>
    <generator>Hugo -- gohugo.io</generator>
    <language>en</language>
    <managingEditor>yourname@example.com (yourname)</managingEditor>
    <webMaster>yourname@example.com (yourname)</webMaster>
    <copyright>(c) 2018 Copyright Partially Random</copyright>
    <lastBuildDate>Fri, 23 Feb 2018 00:00:00 +0000</lastBuildDate>
    
	<atom:link href="/tags/bayesian/index.xml" rel="self" type="application/rss+xml" />
    
    
    <item>
      <title>Bayes y el cajero automático</title>
      <link>/2018/02/23/2018-02-23-bayes-y-el-cajero-autom%C3%A1tico/</link>
      <pubDate>Fri, 23 Feb 2018 00:00:00 +0000</pubDate>
      <author>yourname@example.com (yourname)</author>
      <guid>/2018/02/23/2018-02-23-bayes-y-el-cajero-autom%C3%A1tico/</guid>
      <description>Hace unos años cuando cursaba el grado en economía en la Universidad Nacional me llamó mucho la atención un fenómeno recurrente en las personas que sacan dinero en los ATM y que ahora tiene mucho más sentido.
En ese entonces había un par de cajeros automáticos del Banco Nacional cerca de la oficina de registro, desconozco si aún estarán allí. Era normal que hubiera una fila de al menos 10 personas esperando su turno.</description>
    </item>
    
  </channel>
</rss>