<?xml version="1.0" encoding="utf-8" standalone="yes" ?>
<rss version="2.0" xmlns:atom="http://www.w3.org/2005/Atom">
  <channel>
    <title>Taggar on Min blog</title>
    <link>/sv/taggar/</link>
    <description>Recent content in Taggar on Min blog</description>
    <generator>Hugo -- gohugo.io</generator>
    <language>sv</language>
    <managingEditor>opoyserc@gmail.com (Obryan Poyser)</managingEditor>
    <webMaster>opoyserc@gmail.com (Obryan Poyser)</webMaster>
    <copyright>(c) 2016 Alla rättigheter</copyright>
    
	<atom:link href="/sv/taggar/index.xml" rel="self" type="application/rss+xml" />
    
    
  </channel>
</rss>